ccTLD	Country	DNSSEC	IDN
.ac	Ascension_Island	Yes	Yes
.ad	Andorra	Yes	No
.ae	United_Arab_Emirates	No	No
.af	Afghanistan	Yes	No
.ag	Antigua_and_Barbuda	Yes	No
.ai	Anguilla	No	No
.al	Albania	No	No
.am	Armenia	Yes	No
.an	Netherlands_Antilles  No	No
.ao	Angola	No	No
.aq	Antarctic	No	No
.ar	Argentina	Yes	Yes
.as	American_Samoa	No	Yes
.at	Austria	Yes	No
.au	Australia	Yes	No
.aw	Aruba	Yes	No
.ax	Åland_Islands	No	No
.az	Azerbaijan	No	No
.ba	Bosnia_and_Herzegovina	No	No
.bb	Barbados	No	No
.bd	Bangladesh	No	Yes
.be	Belgium	Yes	Yes
.bf	Burkina_Faso	No	No
.bg	Bulgaria	Yes	Yes
.bh	Bahrain	No	No
.bi	Burundi	No	No
.bj	Benin	No	No
.bl	Saint-Barthélemy	No	No
.bm	Bermuda	No	No
.bn	Brunei	No	No
.bo	Bolivia	No	No
.br	Brazil	Yes	Yes
.bq	Bonaire,Saba,Sint,Eustatius	No	No
.bs	Bahamas	No	No
.bt	Bhutan	No	No
.bv	Bouvet-Island 	No	No
.bw	Botswana	Yes	No
.by	Belarus	Yes	No
.bz	Belize	Yes	No
.ca	Canada	Yes	Yes
.cc	Cocos-Islands	Yes	No
.cd	Democratic-Republic-of-the-Congo	No	No
.cf	Central-African-Republic	No	No
.cg	Republic-of-the-Congo	Yes	No
.ch	Switzerland	Yes	Yes
.ci	Côte-d’Ivoire	No	No
.ck	Cook-Islands	Yes	No
.cl	Chile	Yes	Yes
.cm	Cameroon	Yes	No
.cn	China	Yes	Yes
.co	Colombia	Yes	No
.cr	Costa-Rica	Yes	No
.cs	Czechoslovakia 	No	No
.cu	Cuba	No	No
.cv	Cape-Verde	No	No
.cw	Curaçao	Yes	No
.cx	Christmas-Island	No	No
.cy	Cyprus	Yes	No
.cz	Czech-Republic	Yes	No
.dd	German-Democratic-Republic	No	No
.de	Germany	Yes	Yes
.dj	Djibuti	Yes	No
.dk	Denmark	Yes	Yes
.dm	Dominica	No	No
.do	Dominican-Republic	No	No
.dz	Algeria	No	No
.ec	Ecuador	Yes	No
.ee	Estonia	No	Yes
.eg	Egypt	No	No
.eh	Western-Sahara	No	No
.er	Eritrea	Yes	No
.es	Spain	No	No
.et	Ethiopia	Yes	No
.eu	European-Union	Yes	Yes
.fi	Finland	Yes	Yes
.fj	Fiji	No	No
.fk	Falkland-Islands	No	No
.fm	Micronesia	Yes	No
.fo	Faroe	Yes	No
.fr	France	Yes	Yes
.ga	Gabon	No 	No
.gb	United-Kingdom	Yes	No
.gd	Grenada	No	No
.ge	Georgia	No	No
.gf	French-Guiana	No	No
.gg	Guernsey	No	No
.gh	Ghana	Yes	No
.gi	Gibraltar	Yes	No
.gl	Greenland	No	No
.gm	Gambia	Yes	No
.gn	Guinea	No	No
.gp	Guadeloupe	No	No
.gq	Equatorial-Guinea	Yes	No
.gr	Greece	Yes	Yes
.gs	South-Georgia-and-the-South-Sandwich-Islands	No	No
.gt	Guatemala	No	Yes
.gu	Guam	No	No
.gw	Guinea-Bissau	No	No
.gy	Guyana	No	No
.hk	Hong-Kong	No	Yes
.hm	Heard-Island-and-McDonald-Islands	Yes	No
.hn	Honduras	Yes	No
.hr	Croatia	No	No
.ht	Haiti	Yes	Yes
.hu	Hungary	Yes	No
.id	Indonesia	Yes	Yes
.ie	Ireland	No	No
.il	Israel	No	Yes
.im	Isle-of-Man	Yes	No
.in	India	Yes	No
.io	British-Indian-Ocean-Territory	Yes	No
.iq	Iraq	No	No
.ir	Iran	No	Yes
.is	Iceland	No	Yes
.it	Italy	No	Yes
.je	Jersey	No	No
.jm	Jamaica	No	No
.jo	Jordan	Yes	No
.jp	Japan	Yes	No
.ke	Kenya	Yes	No
.kg	Kyrgyzstan	Yes	No
.kh	Cambodia	Yes	No
.ki	Kiribati	No	No
.km	Comoros	No	No
.kn	St-Kitts-and-Nevis	No	No
.kp	North-Korea	Yes	No
.kr	South-Korea	Yes	Yes
.kw	Kuwait	Yes	No
.ky	Cayman-Islands	No	No
.kz	Kazakhstan	Yes	No
.la	Laos	Yes	No
.lb	Lebanon	Yes	No
.lc	St.-Lucia	Yes	No
.li	Liechtenstein	Yes	Yes
.lk	Sri-Lanka	Yes	Yes
.lr	Liberia	No 	No
.ls	Lesotho	Yes	No
.lt	Lithuania	Yes	Yes
.lu	Luxembourg	Yes	Yes
.lv	Latvia	Yes	Yes
.ly	Libya	Yes	No
.ma	Marocco	No	No
.mc	Monaco	No	No
.md	Moldova	Yes	No
.me	Montenegro	Yes	No
.mf	Saint-Martin	No	No
.mg	Madagascar	No	No
.mh	Marshall-Islands	No	No
.mk	Macedonia	Yes	No
.ml	Mali	Yes	No
.mm	Myanmar	Yes	No
.mn	Mongolia	Yes	No
.mo	Macau	No	No
.mp	Northern-Mariana-Islands	No	No
.mq	Martinique	No	No
.mr	Mauritania	No	No
.ms	Montserrat	No	No
.mt	Malta	No	No
.mu	Mauritius	No	No
.mv	Maldives	Yes	No
.mw	Malawi	Yes	No
.mx	Mexico	No	No
.my	Malaysia	Yes	Yes
.mz	Mozambique	Yes	No
.na	Namibia	Yes	No
.nc	New-Caledonia	Yes	No
.ne	Niger	No	No
.nf	Norfolk-Island	No	No
.ng	Nigeria	Yes	No
.ni	Nicaragua	Yes	No
.nl	Netherlands	Yes	No
.no	Norway	No	Yes
.np	Nepal	Yes	No
.nr	Nauru	Yes	No
.nu	Niue	Yes	Yes
.nz	New-Zealand	Yes	Yes
.om	Oman	Yes	No
.pa	Panama	No	No
.pe	Peru	No	Yes
.pf	French-Polynesia	No	No
.pg	Papua-New-Guinea	No	No
.ph	Philippines	Yes	No
.pk	Pakistan	Yes	No
.pl	Poland	Yes	Yes
.pm	Saint-Pierre-and-Miquelon	Yes	Yes
.pn	Pitcairn-Islands	No	No
.pr	Puerto-Rico	Yes	No
.ps	Palestine	Yes	No
.pt	Portugal	Yes	Yes
.pw	Palau	No	No
.py	Paraguay	Yes	No
.qa	Qatar	Yes	No
.re	Réunion	Yes	Yes
.ro	Romania	Yes	Yes
.rs	Serbia	No	No
.ru	Russia	No	No
.rw	Rwanda	Yes	No
.sa	Saudi-Arabia	Yes	Yes
.sb	Solomon-Islands	No	No
.sc	Seychelles	Yes	No
.sd	Sudan	No	No
.se	Sweden	Yes	Yes
.sg	Singapore	Yes	No
.sh	St.-Helena	Yes	Yes
.si	Slovenia	Yes	Yes
.sj	Svalbard-and-Jan-Mayen	No	No
.sk	Slovakia	No	No
.sl	Sierra-Leone	No	No
.sm	San-Marino	No	No
.sn	Senegal	No	No
.so	Somalia	No	No
.sr	Suriname	No	No
.ss	South-Sudan	Yes	No
.st	São-Tomé-and-Príncipe	No	No
.su	Soviet-Union	Yes	Yes
.sv	El-Salvador	No	No
.sx	Sint-Maarten	Yes	No
.sy	Syria	No	No
.sz	Swaziland	No	No
.tc	Turks-and-Caicos-Islands	Yes	No
.td	Chad	No	No
.tf	French-Southern-and-Antarctic-Lands	Yes	Yes
.tg	Togo	No	No
.th	Thailand	No	Yes
.tj	Tajikistan	No	No
.tk	Tokelau	Yes	No
.tl	Timor-Leste	Yes	No
.tm	Turkmenistan	Yes	Yes
.tn	Tunisia	No	Yes
.to	Tonga	No	Yes
.tp	Timor-Leste	Yes	No
.tr	Turkey	Yes	Yes
.tt	Trinidad-and-Tobago	Yes	No
.tv	Tuvalu	Yes	No
.tw	Taiwan	Yes	Yes
.tz	Tanzania	No 	No
.ua	Ukraine	Yes	No
.ug	Uganda	Yes	No
.uk	United-Kingdom	Yes	No
.um	United-States-Minor-Outlying-Islands 	No	No
.us	United-States	No	No
.uy	Uruguay	Yes	No
.uz	Uzbekistan	No	No
.va	Vatican-City	No	No
.vc	St.-Vincent-and-the-Grenadines	No 	No
.ve	Venezuela	No	No
.vg	Britische-Virgin-Islands	Yes	No
.vi	United-States-Virgin-Islands	Yes	No
.vn	Vietnam	Yes	Yes
.vu	Vanuatu	No	No
.wf	Wallis-and-Futuna	Yes	Yes
.ws	Samoa	No	Yes
.ye	Yemen	Yes	No
.yt	Mayotte	Yes	Yes
.yu	Yugoslavia 	No	No
.za	South-Africa	No	No
.zm	Zambia	No	No
.zr	Zaire 	No	No
.zw	Zimbabwe	No	No